train_loss,test_loss
0.0041968764076009395,1.9346896559000015e-05
0.001419284863397479,1.3746371492743492e-05
0.0011945719784125686,1.2404974550008774e-05
0.0011248911079019307,1.1355873197317123e-05
0.0010902128927409648,1.2083711102604866e-05
0.0010481132604181766,1.1636515147984027e-05
0.00104251341894269,1.0875074192881585e-05
0.0010086436783894896,1.19180828332901e-05
0.0009849428497254848,1.0500273667275906e-05
0.0009355168603360653,9.230638854205609e-06
0.0008810022012330592,9.271599352359772e-06
0.000865280597936362,9.373124688863755e-06
0.0007560409647412598,8.934274315834045e-06
0.0007059338027611375,7.051856722682714e-06
0.0006941966973245144,7.477486971765757e-06
0.0006328145200386644,7.072241976857185e-06
0.0006392217199318111,6.6963080316781996e-06
0.0006135838683694601,6.454825401306152e-06
0.0006066801035776734,6.393645890057087e-06
0.0006128653385676444,6.42123818397522e-06
0.0006024962370283902,6.4345812425017354e-06
0.000594979090616107,6.408239249140024e-06
0.0006066679316572845,6.74872100353241e-06
0.0006046946099959314,6.9310483522713185e-06
0.0006042745788581669,6.753457710146904e-06
0.0005774662611074745,6.284536793828011e-06
0.0005928562148474157,6.54404703527689e-06
0.0005870506465435029,6.53364323079586e-06
0.0005831807451322675,6.455630529671908e-06
0.0005755502739921212,6.062631495296955e-06
0.0005781833017244935,6.004462018609047e-06
0.0005753093250095844,6.321917288005352e-06
0.0005864528426900506,6.185905076563358e-06
0.0005723774801008404,5.986698903143406e-06
0.0005641417372971773,6.09956169500947e-06
0.0005791728692129255,6.3314754515886306e-06
0.000569874273147434,6.068814545869827e-06
0.0005710157630965113,6.085149943828583e-06
0.0005756784798577428,6.137789227068424e-06
0.0005606807498261333,5.925628356635571e-06
0.0005744346994906664,5.961393937468528e-06
0.0005562130296602845,6.084077991545201e-06
0.0005437009138986468,6.106793880462646e-06
0.0005603538881987333,6.413266528397799e-06
0.0005627426207065582,6.463394500315189e-06
0.0005728557370603084,6.522677838802337e-06
0.0005417738393880426,6.2586572021245954e-06
0.0005547790424898267,6.155991926789284e-06
0.0005689047817140818,5.768403876572847e-06
0.000568930218461901,6.120681762695313e-06
0.0005657426458783448,6.0091763734817506e-06
0.0005616338909603656,5.906262435019017e-06
0.0005942079909145832,6.284293718636036e-06
0.0005791333359666168,7.961383089423179e-06
0.0005272229101974517,4.824644885957241e-06
0.00047484036278910933,4.896360449492931e-06
0.0003675124947912991,4.64289402589202e-06
0.00037443723250180484,3.946206532418728e-06
0.00029057991318404673,3.1662387773394584e-06
0.0002743162855040282,4.071978386491537e-06
0.0002968447520397604,3.0437465757131575e-06
0.00027845922508276997,2.8812100645154713e-06
0.0002535737417638302,3.2466300763189793e-06
0.0002453930543269962,3.28117934986949e-06
0.00023736436222679912,2.6499817613512276e-06
0.00023139666602946818,2.8880289755761623e-06
0.0002466091534588486,2.7879788540303708e-06
0.000229547290597111,2.756279893219471e-06
0.00022756027651485056,3.4202877432107924e-06
0.00023665068566333503,2.699187258258462e-06
0.00021997771039605142,3.0287234112620354e-06
0.00021781895065214486,2.665481297299266e-06
0.00023722109734080731,3.062433563172817e-06
0.00022759544022846968,3.2818536274135112e-06
0.00021351203287485988,2.69388104788959e-06
0.00021791785792447626,3.0517247505486014e-06
0.00024374329636339098,3.161258064210415e-06
0.00020382951130159198,2.6565431617200374e-06
0.0002034974847920239,2.4801574181765317e-06
0.0002050825469195843,2.6868742424994708e-06
0.00020650120929349214,3.1907022930681704e-06
0.0002031240020878613,2.6181351859122515e-06
0.00020082329283468425,2.474281704053283e-06
0.00020815768814645707,2.8606755658984184e-06
0.00023086853523273022,2.8557025361806153e-06
0.0008464913410134614,4.997392185032367e-06
0.00023960900236852468,2.615430857986212e-06
0.00019483949779532849,2.4266319815069438e-06
0.00019501333439256996,2.4956134147942065e-06
0.00019616338808555155,2.3978492245078085e-06
0.00019167508755344898,2.3486567661166192e-06
0.00018176886287983506,2.29804078117013e-06
0.00018016920529771596,2.5185670237988235e-06
0.00018463536899071187,2.6844595558941363e-06
0.00018343056575395166,2.2576814517378806e-06
0.00018380280793644488,2.567876363173127e-06
0.0001834757711039856,2.5198280345648527e-06
0.00017910141928587108,2.369602210819721e-06
0.00018193584820255638,2.476598834618926e-06
0.00018040661222767086,2.5290045887231827e-06
0.00017484116763807832,2.3009281139820814e-06
0.0001832892100792378,2.3947670124471187e-06
0.0001761694235028699,2.4062504526227712e-06
0.0001760661256266758,2.395598217844963e-06
0.00017946000979281962,2.2424436174333095e-06
0.00017719765391666442,2.418207935988903e-06
0.00017565548978745938,2.2652344778180123e-06
0.00017674006219021976,2.5275936350226404e-06
0.00017057168274186552,2.3713598493486644e-06
0.00016827904339879751,2.3195897229015827e-06
0.0001795809930190444,2.140176249668002e-06
0.00018393320043105633,2.2659890819340945e-06
0.00018852570664603264,2.6560951955616475e-06
0.00017953328124713152,2.3442362435162067e-06
0.00016893263603560626,2.3777124006301165e-06
0.0001709271096624434,2.1061473526060583e-06
0.00016696803271770477,3.0042966827750205e-06
0.00019420443521812558,2.421054057776928e-06
0.00017075839638710022,2.3171466309577225e-06
0.00016689628292806448,2.3900303058326246e-06
0.00016479113523382695,2.119851065799594e-06
0.00016994342347607016,2.2970251739025114e-06
0.00017214549309574068,2.2756236139684914e-06
0.0001656155677046627,2.560782013460994e-06
0.00018470689503010364,2.332064788788557e-06
0.00017432665126398204,2.181667136028409e-06
0.0001637949183350429,2.145500387996435e-06
0.00016818296432029455,2.4313253816217183e-06
0.00016272118221968411,2.548281569033861e-06
0.00016760272742249072,2.437559189274907e-06
0.00017072916985489428,2.2772680968046187e-06
0.00017943098617251963,2.6008167769759895e-06
0.00016851961612701416,2.263352507725358e-06
0.00016821246990002692,2.847524592652917e-06
0.001268915753113106,3.113889368250966e-06
0.00017636334523558618,2.209041500464082e-06
0.00015936558623798192,2.179510658606887e-06
0.0001591584540437907,2.1302537061274054e-06
0.00015234753454569728,2.1204915829002855e-06
0.00015530764102004467,2.2939920891076324e-06
0.00015137072489596903,2.0689978264272214e-06
0.00014688110526185483,2.188124228268862e-06
0.00014763619063887744,1.980737317353487e-06
0.00014534933399409057,1.985203940421343e-06
0.00015154549374710768,2.0590703934431075e-06
0.000147477745776996,2.066359855234623e-06
0.00015051893261261285,2.037683967500925e-06
0.0001413515822496265,1.971035031601787e-06
0.0001433537631528452,2.2050491534173488e-06
0.00014202868775464595,2.0431498996913435e-06
0.0001448491688352078,1.983040478080511e-06
0.00013897115795407443,2.0642480812966825e-06
0.00014186939632054418,1.958109438419342e-06
0.00013923582481220365,1.986505463719368e-06
0.00014493865414988248,2.0234319381415845e-06
0.0001388065202627331,2.246738877147436e-06
0.00014394076715689151,2.075843047350645e-06
0.00014281968749128282,1.9658105447888376e-06
0.00014440016192384064,2.09510768763721e-06
0.0001408146758330986,2.0355712622404097e-06
0.00014240491238888352,2.0325803197920322e-06
0.00013991149491630496,1.951040467247367e-06
0.0001385435175616294,2.013066550716758e-06
0.00014311119599733503,2.0306776277720927e-06
0.00014139055972918867,1.8651242135092616e-06
0.0001405817602062598,2.289677504450083e-06
0.0001408867642749101,1.94660946726799e-06
0.0001424479999113828,2.1738745272159575e-06
0.00014804128755349665,2.0645728800445793e-06
0.00013555819366592914,1.9788804929703476e-06
0.00015254785260185598,2.399375196546316e-06
0.000139999651000835,1.979134976863861e-06
0.00013725022226572037,1.998098799958825e-06
0.0001431128983385861,2.0010888110846283e-06
0.00013549455266911536,1.998432446271181e-06
0.00013424854213371873,2.2145146504044533e-06
0.00013841129723004997,1.9021532498300075e-06
0.00013639863661956043,1.9070509588345884e-06
0.00013299204187933357,1.9209873862564563e-06
0.000139933095080778,2.0145208109170197e-06
0.0001601355103775859,1.9194260239601134e-06
0.0001366454173112288,1.8350997706875206e-06
0.0001326631357660517,1.919859671033919e-06
0.0001386984074488282,2.3726855870336294e-06
0.00013835484953597188,1.8566950457170605e-06
0.00013269368640612812,1.9549094140529635e-06
0.0001393855888163671,1.951676094904542e-06
0.00013791219471022488,1.924556214362383e-06
0.00013711093843448907,1.8329804297536612e-06
0.00013324146287050097,1.8930836813524366e-06
0.00013646296388469635,1.93559390027076e-06
0.00013521583040710538,1.8777749501168728e-06
0.00013352689205203206,1.9906938541680575e-06
0.0001250239524524659,1.833561691455543e-06
0.00013553166633937508,2.05647642724216e-06
0.00013793165294919164,1.980354078114033e-06
0.0001370711054187268,2.025997266173363e-06
0.00013187585992272943,2.054200042039156e-06
0.00012573573784902691,1.9195758504793047e-06
0.00013426300906576216,2.1027186885476113e-06
0.00017208603979088365,3.8537178188562394e-06
0.0010897867120802402,2.078203484416008e-06
0.00014982136862818152,2.052850555628538e-06
0.0001364711553324014,1.923962961882353e-06
0.000127639535930939,1.726731425151229e-06
0.00012822583748493344,1.77380267996341e-06
0.00012479270109906791,2.1248923148959877e-06
0.0001270900737727061,2.0184200257062914e-06
0.00012684980174526572,1.7979062395170332e-06
0.00012209965381771326,1.8131729448214174e-06
0.00012351594492793084,1.769654219970107e-06
0.00011809786653611809,1.6904466319829225e-06
0.00012242287315893918,1.7099051037803292e-06
0.0001174788495991379,1.8175734439864754e-06
0.00012187611497938633,1.8615217413753272e-06
0.00012018400081433356,1.795026590116322e-06
0.00012553115875925868,1.74855743534863e-06
0.00011392832081764937,1.6891781706362963e-06
0.00011660191894043237,1.8005206948146224e-06
0.000122252052067779,1.6989955911412836e-06
0.00011721192870754748,1.8203794024884701e-06
0.00011912433558609337,1.8139020539820193e-06
0.00011862361407838762,1.8103830516338349e-06
0.00011661238851957024,1.7828037962317466e-06
0.00012049340235535055,1.9580055959522723e-06
0.00011492457322310657,1.7232703976333142e-06
0.00011626409937161952,1.8154762219637633e-06
0.00011512000614311546,1.740585546940565e-06
0.00011665267846547067,1.8058139830827714e-06
0.00012394134816713631,2.00221105478704e-06
0.00011780440562870353,1.6624487470835446e-06
0.00011569113563746213,1.6804044134914875e-06
0.00011192829441279173,1.8414281075820326e-06
0.00011875093856360764,1.9283571746200323e-06
0.00012379410222638397,1.7371579306200147e-06
0.00011639916396234184,1.7675870331004262e-06
0.00011285927728749812,1.7434612382203341e-06
0.0001166444425471127,1.7429902218282223e-06
0.00011578561319038272,1.8014579545706512e-06
0.00011663434363435954,1.8003769218921662e-06
0.00012217514624353497,1.7430734587833286e-06
0.00011686076351907104,1.8389825709164142e-06
0.00011783431621734053,2.193641383200884e-06
0.0001263157237553969,1.8244895618408917e-06
0.00011993589042685926,1.7276016296818853e-06
0.00011489430721849203,1.7767947865650057e-06
0.00011579662910662591,1.8226486863568426e-06
0.00011661119107156991,1.6362782334908842e-06
0.00011438240832649171,1.7230834346264602e-06
0.00011618200119119137,1.8306882120668888e-06
0.0001140850717201829,1.676341868005693e-06
0.00011598178162239491,1.944676274433732e-06
0.00011424457636894659,1.823575352318585e-06
0.0001228052539518103,2.078911988064647e-06
0.0001229797542328015,1.7791619757190347e-06
0.00011758655944140628,1.752290176227689e-06
0.00011629806330893189,1.720328233204782e-06
0.00011426908103749156,1.7449702136218548e-06
0.00011567984608700498,1.8703851383179427e-06
0.00011975773971062153,1.7716340953484177e-06
0.00012291047966573386,1.947268610820174e-06
0.00011910448124399408,2.0061712712049485e-06
0.00011654548079241068,1.7803709488362074e-06
0.00011305924609769135,1.8401405541226268e-06
0.0001164415865787305,1.7421951051801444e-06
0.00011486503371270374,1.9251026678830387e-06
0.00011248840758344159,1.7925075953826307e-06
0.00011188234214205295,1.847343984991312e-06
0.00011300103412941098,1.719157677143812e-06
0.0001211426736554131,1.7692761030048132e-06
0.00011551501246867702,1.7728962702676654e-06
0.00011306707339826971,1.9225144060328604e-06
0.00011195912183029577,1.7031144816428423e-06
0.0001111518485704437,1.7563721630722284e-06
0.00011135592957725749,1.9957548938691614e-06
0.0017732172550167888,4.554866347461939e-06
0.0002119181539164856,2.1440915297716856e-06
0.00013519916299264877,2.3617458064109085e-06
0.00014287185308057814,1.9012695411220194e-06
0.00012948708422482014,1.9008575472980738e-06
0.00011328497948125005,1.8419137923046946e-06
0.00011117713479325175,1.6778437420725822e-06
0.0001073768847854808,1.6367633361369372e-06
0.00010519375372678042,1.7202894669026137e-06
0.00010963002836797387,1.568688079714775e-06
0.0001102745845564641,1.7304965294897557e-06
0.0001155488713993691,1.7620547441765665e-06
0.00010665054462151602,1.7133235232904553e-06
0.00011207825655583293,2.096438780426979e-06
0.00011322607903275639,1.7824815586209297e-06
0.00011608086415799335,1.8381227273494004e-06
0.00010119366232538596,1.6175024211406708e-06
0.0001020084157353267,1.5662128571420907e-06
0.00010586028365651145,1.7505408031865955e-06
0.00010060902213444933,1.601747004315257e-06
0.00010519386181840673,1.7600322607904673e-06
0.0001012453706935048,1.59240432549268e-06
0.00010740192153025419,1.6206527361646294e-06
0.00010403877007775008,1.6515293391421438e-06
0.00010258505761157722,1.6018552705645562e-06
4.2390616552438585e-05,9.9824124481529e-07
3.594240528764203e-05,9.927074424922466e-07
3.6353029019664976e-05,9.908402571454645e-07
3.567988911527209e-05,1.0021417401731015e-06
3.479278096347116e-05,9.873489616438747e-07
3.508184125530534e-05,9.945177007466555e-07
3.4977930161403495e-05,9.8767364397645e-07
3.4480794885894284e-05,9.855772368609905e-07
3.514137322781607e-05,9.96900605969131e-07
3.486000021803193e-05,9.847985347732901e-07
3.4099101467290895e-05,9.959095623344184e-07
3.535075503168627e-05,9.929585503414274e-07
3.423480299534276e-05,9.881177684292197e-07
3.47845169599168e-05,9.816689416766166e-07
3.704529535025358e-05,1.0046495590358972e-06
3.509418622707017e-05,9.75441886112094e-07
3.530373708053958e-05,9.948615916073323e-07
3.4344674029853194e-05,1.0056553874164819e-06
3.428812549100257e-05,9.983960771933197e-07
3.4909051086287944e-05,9.898798307403923e-07
3.450910875108093e-05,9.908790234476327e-07
3.529713240277488e-05,9.82554047368467e-07
3.4320132923312484e-05,9.718471555970608e-07
3.504552732920274e-05,9.962914045900106e-07
3.437170162214898e-05,9.964947821572424e-07
3.507860259560402e-05,1.0241480777040124e-06
3.422700410010293e-05,9.712331229820847e-07
3.5072594531811774e-05,9.839599952101708e-07
3.4096156887244434e-05,9.83570935204625e-07
3.3963576119276695e-05,9.865023894235492e-07
3.3498444739962e-05,9.61651385296136e-07
3.456129372352734e-05,9.689765283837914e-07
3.429670963669196e-05,9.860750287771225e-07
3.3370401099091394e-05,9.884015889838338e-07
3.385301335947588e-05,9.862855076789857e-07
3.409290852141566e-05,9.821455460041762e-07
3.390690809465013e-05,9.990802500396967e-07
3.352255522622727e-05,9.798390092328192e-07
3.366435319185257e-05,1.0240451665595174e-06
3.479131154017523e-05,9.711961611174048e-07
3.3825410064309835e-05,9.691743762232364e-07
3.27122435264755e-05,9.95397218503058e-07
3.371035848977044e-05,9.813738288357854e-07
3.534085501451045e-05,9.74085065536201e-07
3.4340455516939984e-05,9.639278869144618e-07
3.2448245270643386e-05,9.673685417510569e-07
3.399239125428721e-05,9.83010628260672e-07
3.225675488647539e-05,9.71924397163093e-07
3.268914084765129e-05,9.700582013465465e-07
3.579669015016407e-05,9.549030219204724e-07
3.4142036864068357e-05,9.788918541744352e-07
3.3026134071405974e-05,9.867475600913167e-07
3.318780455447268e-05,9.496156708337366e-07
3.18209680262953e-05,9.672450250945985e-07
3.417012156569399e-05,9.844745509326458e-07
3.152752139430959e-05,9.633615845814347e-07
3.331943924422376e-05,9.747526491992175e-07
3.249806445091963e-05,1.043527154251933e-06
3.450382404844277e-05,9.944145567715168e-07
3.348163671034854e-05,9.733716142363847e-07
3.3108366333181037e-05,9.973879205062985e-07
3.413722835830413e-05,1.041585928760469e-06
3.415359978680499e-05,9.660739451646806e-07
3.365014251903631e-05,9.524496272206306e-07
3.192157580633648e-05,9.876777185127139e-07
3.278759226668626e-05,9.847442852333187e-07
3.200227001798339e-05,9.63260477874428e-07
3.424989902123343e-05,9.91675304248929e-07
3.24455872469116e-05,9.986805962398649e-07
3.311270961421542e-05,9.936356218531727e-07
3.282975064939819e-05,9.979185415431857e-07
3.434106109489221e-05,9.904960170388222e-07
3.356498084031045e-05,9.779547108337282e-07
3.331273938238155e-05,9.831336792558432e-07
3.2229744581854905e-05,9.589429246261715e-07
3.531860196380876e-05,9.761322871781886e-07
3.391212903079577e-05,1.0022235801443457e-06
3.231175860855728e-05,1.01328210439533e-06
3.2638051401590925e-05,9.758013766258955e-07
3.194319934118539e-05,9.831696515902876e-07
3.220010758377612e-05,9.700844530016183e-07
3.2570856259553694e-05,9.593149879947304e-07
3.2659423843142576e-05,9.883499005809427e-07
3.2588340633083135e-05,9.892573580145837e-07
3.257785853929818e-05,9.508779621683062e-07
3.38945985713508e-05,9.610855486243964e-07
3.2416136265965176e-05,1.00181857123971e-06
3.375950970803388e-05,9.464816539548338e-07
3.523783967830241e-05,9.751995676197111e-07
3.1688225630205124e-05,1.0016848100349306e-06
3.322480295901187e-05,9.922072058543564e-07
3.471337174414657e-05,9.736084030009806e-07
3.190446275402792e-05,9.84852318651974e-07
3.163055799086578e-05,9.91264940239489e-07
3.257571981521323e-05,1.043924014084041e-06
3.436094672360923e-05,1.0209660977125167e-06
3.3495882686111144e-05,9.836318204179407e-07
3.1170998365269045e-05,9.441549773328007e-07
3.3952539786696436e-05,9.851660579442979e-07
3.1576321009197276e-05,1.013832399621606e-06
3.2725864235544575e-05,9.510450763627887e-07
3.35319088480901e-05,9.981688344851136e-07
3.2450339800561775e-05,9.877970442175864e-07
3.308398014632985e-05,9.829242480918764e-07
3.430705805658363e-05,9.696641354821623e-07
3.259651031112299e-05,9.784512221813202e-07
3.4165362536441537e-05,9.54546092543751e-07
3.200302594632376e-05,9.62573103606701e-07
3.2999616669258105e-05,9.839326376095414e-07
3.122856441768818e-05,9.478686260990798e-07
3.160229026980232e-05,9.574248688295484e-07
3.293335178750567e-05,1.0035904124379158e-06
3.2028393703512844e-05,9.733082843013108e-07
3.172528369759675e-05,9.442795999348164e-07
3.182876772189047e-05,9.869063505902886e-07
3.4120868309400976e-05,9.877964621409774e-07
3.3120693755336105e-05,9.634399320930243e-07
3.206019863137044e-05,9.718768415041268e-07
3.288101457292214e-05,1.0192840127274395e-06
3.345074530807324e-05,9.492895333096385e-07
3.271268324169796e-05,9.834096999838947e-07
3.123687651532236e-05,9.869548957794905e-07
3.392248778254725e-05,9.810649789869785e-07
3.22187211131677e-05,9.560530306771399e-07
3.226057972642593e-05,9.597059688530862e-07
3.4328607929637655e-05,9.75603878032416e-07
3.118245957011823e-05,9.72995418123901e-07
3.1468972330912946e-05,9.799548424780368e-07
3.174975962610915e-05,1.0024746879935264e-06
3.2201988084125335e-05,9.537250734865665e-07
3.4007777372607964e-05,1.0193911148235203e-06
3.2945084691164086e-05,9.58671444095671e-07
3.420768123760354e-05,9.522220352664589e-07
3.315620217472315e-05,9.93988709524274e-07
3.343442996265367e-05,1.0475382441654801e-06
3.414386542863213e-05,9.612934663891793e-07
3.273365220229607e-05,1.0030202101916075e-06
3.220507866353728e-05,9.77934803813696e-07
3.1625843432266265e-05,9.828233160078527e-07
3.202717068779748e-05,1.0181249817833305e-06
3.166195293306373e-05,1.0308570927008987e-06
3.2401428688899615e-05,9.549930109642445e-07
3.332678604056127e-05,9.532358380965889e-07
3.157168405596167e-05,9.51703346800059e-07
3.172108180297073e-05,9.614925947971641e-07
3.1756734402733856e-05,9.854985401034356e-07
3.309503578930162e-05,9.93857393041253e-07
3.281720954691991e-05,1.0008277604356408e-06
3.097153345879633e-05,9.571507689543068e-07
3.1006665958557276e-05,9.782306151464581e-07
3.219247792731039e-05,9.780609980225563e-07
3.380535263568163e-05,9.809255134314298e-07
3.121272023417987e-05,9.820375125855208e-07
3.217112508718856e-05,9.867604821920396e-07
3.324382999562658e-05,1.000228920020163e-06
3.3332083563436754e-05,9.511775569990277e-07
3.2160812377696855e-05,9.39941150136292e-07
3.143315328634344e-05,9.712138562463225e-07
3.247550516971387e-05,9.546754881739617e-07
3.132439045293722e-05,9.714047773741186e-07
3.190684063883964e-05,1.0210792534053327e-06
3.1526515653240494e-05,9.597085881978274e-07
3.1467218155739826e-05,9.85894352197647e-07
3.30273439467419e-05,9.702052921056747e-07
3.170172580576036e-05,9.394637309014797e-07
3.311090491479263e-05,9.68674081377685e-07
3.478188349981792e-05,9.898883290588855e-07
3.200940144597553e-05,9.893085807561874e-07
3.171862635645084e-05,9.952164255082606e-07
3.1922970403684305e-05,9.984719799831509e-07
3.3000390394590796e-05,9.562383638694882e-07
3.331724609597586e-05,1.0169941233471036e-06
3.2120136194862426e-05,1.0159100638702512e-06
3.178854566067457e-05,9.880202123895288e-07
3.162927941593807e-05,9.71342669799924e-07
3.157033736351877e-05,9.829819900915027e-07
3.084670938551426e-05,9.962664917111396e-07
3.0768808675929904e-05,9.886313928291202e-07
3.071284510951955e-05,9.583262726664542e-07
3.177028182835784e-05,9.76937939412892e-07
3.325446158123668e-05,9.66655381489545e-07
3.3591566316317765e-05,9.67024709098041e-07
3.004534647334367e-05,9.502333123236895e-07
3.128039521106984e-05,1.0172090260311961e-06
3.1940941378707065e-05,1.0066125541925431e-06
2.9418982347124258e-05,9.460332221351564e-07
3.1564828372211196e-05,9.677913039922713e-07
3.137638195767067e-05,9.598411852493882e-07
3.501607500948012e-05,1.0173171758651734e-06
3.27471674681874e-05,9.797350503504277e-07
3.311841111280956e-05,9.691601735539733e-07
3.166678494017105e-05,1.009593135677278e-06
3.092815788113512e-05,9.929110528901219e-07
3.0107429571216927e-05,9.754612110555171e-07
3.2455694396048786e-05,1.001437660306692e-06
3.140294172044378e-05,9.495148551650345e-07
3.1626635187421925e-05,9.940740419551731e-07
3.1313014929764906e-05,9.866668842732907e-07
3.2705794743378644e-05,1.031415304169059e-06
3.322942310478538e-05,9.542993502691389e-07
3.19577724148985e-05,9.965936187654735e-07
3.335200996662024e-05,1.0174578055739404e-06
3.146323896362446e-05,9.613913716748358e-07
3.067502343037631e-05,9.74835129454732e-07
3.078185979393311e-05,9.55076131504029e-07
3.1420444691320884e-05,9.886085754260421e-07
3.111387829994783e-05,9.849137859418987e-07
3.1636209605494514e-05,9.858164703473449e-07
3.100815395009704e-05,9.737387881614269e-07
3.073147377290297e-05,9.538542944937945e-07
3.248939996410627e-05,9.746642899699509e-07
3.387147694593295e-05,9.936086134985089e-07
3.060612316767219e-05,1.002374803647399e-06
3.27140277804574e-05,9.508051443845034e-07
3.058984329982195e-05,9.520346065983176e-07
3.203022255911492e-05,9.774885838851333e-07
3.229904743784573e-05,1.0231490014120936e-06
3.35008856782224e-05,9.750805911608041e-07
3.096181275031995e-05,9.613692527636886e-07
3.1622826631064526e-05,9.80164622887969e-07
3.311314745224081e-05,1.0037189349532126e-06
3.270578759838827e-05,9.70008666627109e-07
3.2259296087431724e-05,9.981122566387056e-07
3.1404849243699573e-05,9.871205547824501e-07
3.334856092988048e-05,9.910499211400747e-07
3.373639093479142e-05,9.766721632331609e-07
3.0797470288234764e-05,9.69390501268208e-07
3.0311729075037875e-05,9.753574850037694e-07
3.3727423346135766e-05,9.815427474677564e-07
3.418616796261631e-05,9.677682537585498e-07
3.22142047516536e-05,9.704206022433937e-07
2.9858294554287568e-05,9.453677921555936e-07
3.294059789914172e-05,9.646626422181725e-07
3.0278537815320304e-05,1.0338772553950548e-06
3.1616302992915734e-05,9.526214562356472e-07
3.131702050450258e-05,9.686932899057866e-07
3.2911266476730815e-05,9.654148016124964e-07
3.193141004885547e-05,9.719310910440982e-07
3.0792642777669245e-05,1.0133025934919714e-06
3.327561810147017e-05,1.0460186749696732e-06
3.194344253279269e-05,9.430896607227623e-07
3.2823414236190726e-05,9.804083965718746e-07
3.4329355257796125e-05,1.0003300849348307e-06
3.2139521063072604e-05,9.563975618220866e-07
3.1652853998821226e-05,9.839500999078154e-07
3.118378267390654e-05,9.912591194733978e-07
3.176204048213549e-05,9.667709236964583e-07
2.9998027166584506e-05,9.664160897955297e-07
3.215224637824576e-05,9.806061862036587e-07
3.329785390815232e-05,9.923656471073627e-07
3.0351788489497267e-05,9.726317948661746e-07
3.165240978705697e-05,9.774656500667334e-07
3.089693342917599e-05,9.480916778557003e-07
3.166308627987746e-05,9.99746611341834e-07
3.451836606836878e-05,1.0520112700760365e-06
3.2915476855123414e-05,1.006735721603036e-06
3.118823263503145e-05,9.60058649070561e-07
2.9427819245029242e-05,9.883461752906441e-07
3.182125525199808e-05,9.979320457205177e-07
3.0079314165050164e-05,9.80142503976822e-07
3.340794482210186e-05,9.94001398794353e-07
3.3105147711466996e-05,1.048000412993133e-06
3.2662088837241755e-05,9.84851736575365e-07
3.058046942169312e-05,9.976064320653677e-07
3.123677730036434e-05,9.813677752390504e-07
3.2017981473472904e-05,9.789143223315477e-07
3.132875729352236e-05,9.684799588285387e-07
3.1766955478815365e-05,1.0189955355599522e-06
3.0591135611757635e-05,9.598304168321191e-07
3.249948220036458e-05,1.0312991216778755e-06
3.2966291953925976e-05,1.0072941659018398e-06
3.211243763507809e-05,9.971255203709007e-07
3.09426350868307e-05,9.987729135900736e-07
3.0970652427640745e-05,1.0249509941786528e-06
3.30875517684035e-05,9.654167806729675e-07
3.0129845166811718e-05,9.691473096609116e-07
3.145626597688533e-05,9.729715529829264e-07
3.235391127236653e-05,1.034241635352373e-06
3.142133605433628e-05,9.739648085087538e-07
3.20419170166133e-05,9.788357419893146e-07
3.2073802925879134e-05,9.626724640838802e-07
3.166540685924701e-05,9.536041761748493e-07
3.047960321418941e-05,9.774935897439718e-07
3.102655697148293e-05,9.605098166503013e-07
3.108530143799726e-05,1.0003466159105301e-06
3.476199583383277e-05,9.708965080790222e-07
3.1223109865095465e-05,9.5426564803347e-07
3.1205544437398204e-05,9.598212200216948e-07
3.175006141827907e-05,9.54427639953792e-07
3.053672009264119e-05,9.585400111973286e-07
3.227069135755301e-05,9.782277047634125e-07
3.274048031016718e-05,9.626069804653525e-07
3.136763395741582e-05,9.76522860582918e-07
3.207343141548336e-05,9.619563352316618e-07
3.2227486779447644e-05,9.89999622106552e-07
3.2335111100110226e-05,1.0062637738883495e-06
3.119391208747402e-05,9.695800254121424e-07
3.041224159824196e-05,9.744834387674927e-07
2.9946401380584576e-05,9.59718890953809e-07
3.1440031380043363e-05,9.833743097260593e-07
2.3282952010049486e-05,8.893086924217642e-07
2.226683790649986e-05,8.87141446582973e-07
2.1684848703444004e-05,8.858439978212118e-07
2.2385964752174914e-05,8.83527914993465e-07
2.2202535008545965e-05,8.831066661514341e-07
2.227520318410825e-05,8.808700367808342e-07
2.1410953209851867e-05,8.794773020781577e-07
2.2027909864846153e-05,8.767236722633242e-07
2.1253147046081723e-05,8.81657877471298e-07
2.12001055770088e-05,8.778769406490028e-07
2.128082660783548e-05,8.776815375313163e-07
2.0881626740447245e-05,8.804678800515831e-07
2.136560171493329e-05,8.737848838791251e-07
2.0967063413991127e-05,8.78612045198679e-07
2.075728678028099e-05,8.737511234357953e-07
2.006002689449815e-05,8.800164214335381e-07
2.0845453691435977e-05,8.740200428292155e-07
2.1102634083945305e-05,8.695797878317535e-07
2.1225728953140787e-05,8.687822846695781e-07
2.004098730685655e-05,8.77060228958726e-07
1.9492874460411257e-05,8.683816995471716e-07
2.016973899299046e-05,8.666848880238831e-07
1.923769544373499e-05,8.697767043486237e-07
2.0497873389103915e-05,8.711199625395239e-07
1.9349441354279408e-05,8.710717083886265e-07
2.01191571977688e-05,8.684523054398597e-07
2.0751042291522025e-05,8.691864786669612e-07
2.053267900191713e-05,8.671640534885227e-07
1.9561603388865478e-05,8.639047737233341e-07
1.902696855540853e-05,8.693971321918071e-07
2.0367502067529132e-05,8.659684099256992e-07
1.92456737277098e-05,8.675704011693596e-07
1.9892614262062126e-05,8.684946224093437e-07
1.9331579220306594e-05,8.679666789248586e-07
1.929911053593969e-05,8.662856998853385e-07
1.938387583504664e-05,8.685835055075586e-07
1.9802034228632692e-05,8.683382766321302e-07
2.014173315546941e-05,8.693207637406885e-07
1.9484735938021913e-05,8.675159187987446e-07
1.996209952631034e-05,8.647421491332352e-07
1.9620388076873495e-05,8.694517309777438e-07
1.9371475849766283e-05,8.831936866044998e-07
1.9567534851375968e-05,8.663653279654681e-07
1.9424062462348955e-05,8.66882037371397e-07
1.917009880708065e-05,8.694365969859064e-07
1.9027511283638886e-05,8.75915982760489e-07
1.9481896495562978e-05,8.67808994371444e-07
1.9616948746261187e-05,8.715042495168745e-07
2.003120964218397e-05,8.634034311398863e-07
2.050711964693619e-05,8.607013151049614e-07
1.956551968032727e-05,8.670691167935729e-07
1.9309477305796464e-05,8.704153005965054e-07
1.8447892856784165e-05,8.653157274238765e-07
1.845497360045556e-05,8.620098233222962e-07
1.951732623274438e-05,8.703454514034093e-07
2.000150879030116e-05,8.593080565333366e-07
1.903195457998663e-05,8.676699362695217e-07
1.978368914569728e-05,8.691017283126712e-07
1.9960794554208406e-05,8.655012934468687e-07
1.9753834312723483e-05,8.642084430903196e-07
2.018099572887877e-05,8.687627268955111e-07
1.9314143886731474e-05,8.646196802146733e-07
2.0068760139110963e-05,8.636598358862102e-07
1.7976191484194713e-05,8.588415221311152e-07
1.9022222630155737e-05,8.628929499536753e-07
1.8897627145634034e-05,8.661736501380801e-07
1.8656245716556442e-05,8.643860928714276e-07
1.8943394337838982e-05,8.681389736011624e-07
1.857149058196228e-05,8.641798049211502e-07
1.899415286607109e-05,8.663300541229546e-07
1.9286093360278755e-05,8.606781484559178e-07
1.9113975256914273e-05,8.65891866851598e-07
1.8668258489924484e-05,8.642122847959399e-07
1.9684234575834126e-05,8.684309432283044e-07
1.89749564306112e-05,8.821859955787659e-07
1.934845792129636e-05,8.713467395864427e-07
1.8718688013905192e-05,8.616753038950264e-07
1.957897026295541e-05,8.690811228007079e-07
1.8313710155780426e-05,8.869687444530427e-07
2.112443867372349e-05,8.723785867914558e-07
1.9856478735164274e-05,8.63039109390229e-07
1.8968043921631762e-05,8.598529966548085e-07
1.8198177429439967e-05,8.687496301718056e-07
1.8571810142020694e-05,8.662837208248675e-07
1.83962418595911e-05,8.603089372627438e-07
1.824205478624208e-05,8.633342804387211e-07
1.8773240306472873e-05,8.665337227284908e-07
1.8473320225893986e-05,8.655156707391143e-07
1.9068932109803426e-05,8.61763081047684e-07
1.8805543753842358e-05,8.635955164209009e-07
1.950103757553734e-05,8.651804528199136e-07
1.897682307753712e-05,8.679449674673379e-07
1.8078949637128972e-05,8.666059002280235e-07
1.9017513310245703e-05,8.614237885922193e-07
1.933278568321839e-05,8.616287377662957e-07
1.7936288415512534e-05,8.577140979468822e-07
1.8284592311829327e-05,8.56294936966151e-07
1.8308206730580423e-05,8.611815865151584e-07
1.8108955358911772e-05,8.651435491628945e-07
1.897268558241194e-05,8.660691673867404e-07
1.953480976226274e-05,8.660283638164402e-07
1.844121330213966e-05,8.684631320647896e-07
1.8851615590392612e-05,8.659983868710696e-07
1.8640823698660824e-05,8.571737562306225e-07
1.8669617042178288e-05,8.656341233290732e-07
1.8471889932698104e-05,8.607556228525937e-07
1.853720256622182e-05,8.602290181443095e-07
1.8707397663092707e-05,8.672375115565956e-07
1.7974215850699694e-05,8.657045545987785e-07
1.9045539193029982e-05,8.570085046812892e-07
1.8390433651802596e-05,8.582432055845856e-07
1.859176394646056e-05,8.693411364220082e-07
1.9034296208701563e-05,8.633074467070401e-07
1.826586473180214e-05,8.576600812375545e-07
1.8429339790600353e-05,8.556047687307e-07
1.739795581670478e-05,8.611588273197412e-07
1.927901740418747e-05,8.548944024369121e-07
1.828296582243638e-05,8.648238144814968e-07
1.8981489083671478e-05,8.645272464491427e-07
1.7551551198266678e-05,8.599082357250154e-07
1.8375454499619082e-05,8.608874632045626e-07
1.8164617438742425e-05,8.719465113244951e-07
1.8487348403141367e-05,8.685725042596459e-07
1.8833790607459377e-05,8.671495015732944e-07
1.7856811449746602e-05,8.615995175205171e-07
1.845429668901488e-05,8.687193039804697e-07
1.779957192775328e-05,8.648204384371639e-07
1.8580318384920247e-05,9.009182103909552e-07
2.0196299512463155e-05,8.731847046874464e-07
1.885418887832202e-05,8.597231353633106e-07
1.8032258085440846e-05,8.622130262665451e-07
1.8831882356607822e-05,8.757547475397587e-07
1.9160741932864768e-05,8.681326289661229e-07
1.915794704837026e-05,8.627629722468555e-07
1.821044393000193e-05,8.640928426757455e-07
1.8278972842381336e-05,8.69221577886492e-07
1.7383011429046748e-05,8.706034277565777e-07
1.8781440288876184e-05,8.641625754535199e-07
1.830770393644343e-05,8.597139385528862e-07
1.7643880222749432e-05,8.696274016983807e-07
1.8497658718843014e-05,8.595152758061886e-07
2.0275224422221073e-05,8.939276449382305e-07
2.0151857250311878e-05,8.656111313030123e-07
1.8644683819729834e-05,8.650879608467221e-07
1.8885177953052335e-05,8.68762785103172e-07
1.8027209145657253e-05,8.640484302304685e-07
1.7920095364388544e-05,8.548293262720108e-07
1.7822174646425993e-05,8.669539820402861e-07
1.851924943184713e-05,8.597468258813023e-07
1.7795781015593092e-05,8.647528593428433e-07
1.7610320959647652e-05,8.637345745228231e-07
1.793119139620103e-05,8.584047318436206e-07
1.7949071050679778e-05,8.594200480729342e-07
1.7872998454549817e-05,8.629095973446966e-07
1.8150559917557984e-05,8.64945410285145e-07
1.9233315550081897e-05,8.585544419474899e-07
1.80595298515982e-05,8.696784498170018e-07
1.7714854235236997e-05,8.573565282858908e-07
1.7491578975750598e-05,8.599550346843899e-07
1.826750639884267e-05,8.724558283574879e-07
1.7663883678324054e-05,8.624262409284711e-07
1.8109058662957977e-05,8.626898052170872e-07
1.882733307866147e-05,8.739911718294025e-07
1.818432396976277e-05,8.667164947837591e-07
1.8353478335484397e-05,8.694969001226128e-07
1.8379318724328185e-05,8.642105385661125e-07
1.8240884819533677e-05,8.669307571835816e-07
1.859077997505665e-05,8.626844501122833e-07
1.817986276728334e-05,8.678868180140853e-07
1.839219769317424e-05,8.606374030932785e-07
1.7956816183868797e-05,8.745344821363688e-07
1.8856872120522894e-05,8.552267681807279e-07
1.8042835901724176e-05,8.62916698679328e-07
1.8635941392858514e-05,8.682417683303357e-07
1.893897530680988e-05,8.587099728174507e-07
1.8391778801742474e-05,8.616462000645697e-07
1.7804184135457036e-05,8.582154987379909e-07
1.846896244387608e-05,8.65126377902925e-07
1.7837973377027084e-05,8.622194873169064e-07
1.8174964621721302e-05,8.599033462814987e-07
1.8985286427778192e-05,8.783361408859492e-07
2.0182112435577437e-05,8.698931778781116e-07
1.8428947005304508e-05,8.65174166392535e-07
1.8813615672115704e-05,8.639561128802598e-07
1.8536355913965963e-05,8.642713655717671e-07
1.8672192629310303e-05,8.58197279740125e-07
1.7616626846574944e-05,8.746644598431885e-07
1.7794830600905698e-05,8.654029807075858e-07
1.7949897410289852e-05,8.659110753796994e-07
1.8910846520157066e-05,8.622106397524476e-07
1.8070494530547875e-05,8.647692739032209e-07
1.8229732122563293e-05,8.589946664869785e-07
1.80033422075212e-05,8.686008513905108e-07
1.827021978533594e-05,8.650870295241475e-07
1.8954107021272648e-05,8.760194759815931e-07
1.8853131834475788e-05,8.59394611325115e-07
1.7955714793060906e-05,8.62506334669888e-07
1.9514542298566086e-05,8.886279538273812e-07
1.876686405012151e-05,8.628980140201748e-07
1.804048064514063e-05,8.66557180415839e-07
1.8435116471664516e-05,8.635972626507282e-07
1.7803869501221924e-05,8.680985774844885e-07
1.8653837250894868e-05,8.630425436422229e-07
1.79310712046572e-05,8.620587177574635e-07
1.7561410561029333e-05,8.634503465145826e-07
1.774488545197528e-05,8.698233286850154e-07
1.911167077923892e-05,8.561284048482776e-07
1.739086952875368e-05,8.630304946564138e-07
1.832703166292049e-05,8.691120310686529e-07
1.8269333922944496e-05,8.689685491845011e-07
1.8100282912200783e-05,8.614681428298354e-07
1.8063946277834475e-05,8.616263512521983e-07
1.8046728691842872e-05,8.609691867604852e-07
1.8333236330363433e-05,8.605395560152829e-07
1.8402792884444354e-05,8.663475746288895e-07
1.8293955523404292e-05,8.681227336637676e-07
1.7993740861129483e-05,8.68897361215204e-07
1.865080840070732e-05,8.647821960039436e-07
1.7494292456831317e-05,8.549855556339026e-07
2.0266746090783273e-05,8.879441884346306e-07
1.9250993984314847e-05,8.618840947747231e-07
1.8097886400937567e-05,8.559849811717867e-07
1.8445804282237077e-05,8.69374955072999e-07
1.8101080189808273e-05,8.699934114702046e-07
1.8144179848604834e-05,8.623494650237262e-07
1.7701501776173247e-05,8.584873867221176e-07
1.8134427300537936e-05,8.600407163612545e-07
1.962981902033789e-05,8.807597914710641e-07
1.8425756999931764e-05,8.646536734886468e-07
1.8538910990173462e-05,8.5865129949525e-07
1.8040814760752254e-05,8.595084655098617e-07
1.7925514970556834e-05,8.69342009536922e-07
1.7894636119308417e-05,8.587758056819439e-07
1.867115355707938e-05,8.644749759696423e-07
1.8178635313233826e-05,8.673522970639169e-07
1.706300267687766e-05,8.663388434797525e-07
1.7395759190549143e-05,8.584400638937951e-07
1.74555417324882e-05,8.690738468430937e-07
1.7558096606080652e-05,8.599907159805298e-07
1.780642754602013e-05,8.549151243641972e-07
1.8702941553783604e-05,8.617148268967866e-07
1.84318739848095e-05,8.640354499220848e-07
1.8416420491121243e-05,8.717516902834177e-07
1.7946174564713146e-05,8.65710258949548e-07
1.7518600696348587e-05,8.650101372040808e-07
1.8283226265339182e-05,8.717164746485651e-07
1.7783322637114906e-05,8.573486702516675e-07
1.7602134197659324e-05,8.585313917137683e-07
1.7693429501377977e-05,8.608595817349851e-07
1.878352966014063e-05,8.659863960929215e-07
1.8025981400569434e-05,8.717337041161955e-07
1.8405709313810803e-05,8.639965089969337e-07
1.7755189328454436e-05,8.642105385661125e-07
1.7646250162215436e-05,8.588876808062195e-07
1.8748940397927072e-05,8.743205107748508e-07
1.746644827653654e-05,8.706391672603786e-07
1.846726780786412e-05,8.61278094816953e-07
1.8748381393379532e-05,8.723388891667127e-07
1.8351382510445547e-05,8.672952535562217e-07
1.793522065418074e-05,8.705206564627588e-07
1.824514962936519e-05,8.637213031761349e-07
1.852299873280572e-05,8.674256387166679e-07
1.7979537369683384e-05,8.617546991445124e-07
1.8280064228747505e-05,8.606742485426367e-07
1.7783140952815303e-05,8.545882883481681e-07
1.9173874519765378e-05,8.956606034189463e-07
2.0648339574108832e-05,8.769556297920644e-07
1.8935307809442747e-05,8.735235314816237e-07
1.753059653856326e-05,8.682970074005425e-07
1.749587610538583e-05,8.674428099766374e-07
1.8140719228540547e-05,8.639858569949866e-07
1.7827423151175026e-05,8.663925109431148e-07
1.7658611803199166e-05,8.611273369751871e-07
1.7926385946338996e-05,8.562628645449877e-07
1.81003497709753e-05,8.543445146642625e-07
1.7377601237967612e-05,8.617806597612798e-07
1.88124472333584e-05,8.756089955568314e-07
2.0025684279971755e-05,8.723576320335269e-07
1.8838733893062452e-05,8.615371189080178e-07
1.7713673143589404e-05,8.644735207781195e-07
1.8441784479364286e-05,8.636985439807176e-07
1.84005076152971e-05,8.57410894241184e-07
1.7457145826483612e-05,8.650668314658106e-07
1.727751765429275e-05,8.604426402598619e-07
1.7954738854314202e-05,8.660145686008036e-07
1.8014097287959885e-05,8.658882579766214e-07
1.8357682820351328e-05,8.607151685282588e-07
1.821013588050846e-05,8.625026093795896e-07
1.7498696761322207e-05,8.679067832417786e-07
1.8227913249575067e-05,8.620826411060989e-07
1.8040810035017785e-05,8.596896659582853e-07
1.8642516995896586e-05,8.603486930951476e-07
1.818411776184803e-05,8.599439752288163e-07
1.7427107100957075e-05,8.625868358649314e-07
1.8161949250497855e-05,8.621839806437493e-07
1.820328750909539e-05,8.619280997663736e-07
1.8763748776109424e-05,8.631392265670002e-07
1.800412715965649e-05,8.622740278951823e-07
1.9321675194078125e-05,8.795535541139543e-07
1.9597881044319365e-05,8.77994520124048e-07
1.739187800558284e-05,8.490787004120648e-07
1.7219719753484242e-05,8.487328886985779e-07
1.662062144896481e-05,8.483036654070019e-07
1.6046422788349447e-05,8.479362004436553e-07
1.7282507127674762e-05,8.48057447001338e-07
1.6111014730995522e-05,8.478770032525062e-07
1.6075239898782457e-05,8.476786897517741e-07
1.754715231800219e-05,8.475243812426925e-07
1.599195654853247e-05,8.475835202261805e-07
1.5729428181657568e-05,8.478310774080456e-07
1.6789736080681906e-05,8.47343064378947e-07
1.6298656388244124e-05,8.47803836222738e-07
1.6540270822588355e-05,8.474186761304736e-07
1.572459974704543e-05,8.471844485029578e-07
1.63932302602916e-05,8.472349727526307e-07
1.591759939765325e-05,8.473012712784111e-07
1.6048802506702485e-05,8.474212954752147e-07
1.5613638490322047e-05,8.479388779960572e-07
1.560791009978857e-05,8.471834007650614e-07
1.5827172763238197e-05,8.479327079840004e-07
1.602571977491607e-05,8.477568626403809e-07
1.6069588396931067e-05,8.472662884742022e-07
1.6334997904777992e-05,8.479080861434341e-07
1.603213518683333e-05,8.477072115056217e-07
1.6553517860302237e-05,8.483526762574911e-07
1.642408694169717e-05,8.473199559375643e-07
1.630099883186631e-05,8.478934760205448e-07
1.6106447721540463e-05,8.47782997880131e-07
1.6829943444463423e-05,8.474885253235698e-07
1.5970426567946562e-05,8.485340513288975e-07
1.6100951543194243e-05,8.478608215227724e-07
1.5911921407678164e-05,8.480076212435961e-07
1.536548180592945e-05,8.47702904138714e-07
1.519079574063653e-05,8.47505172714591e-07
1.5700013602327088e-05,8.472385234199464e-07
1.5646931671653873e-05,8.473956841044128e-07
1.684851666504983e-05,8.480357355438173e-07
1.6198807206819764e-05,8.487659506499767e-07
1.576944462431129e-05,8.479538955725729e-07
1.6105175447592045e-05,8.473795023746789e-07
1.6791001820820383e-05,8.473311318084598e-07
1.5906678752799052e-05,8.474967908114195e-07
1.613928997539915e-05,8.475270005874336e-07
1.656878880748991e-05,8.480297983624041e-07
1.6089782999188173e-05,8.480330579914152e-07
1.626017992384732e-05,8.473057532683015e-07
1.5656366325856653e-05,8.475048816762864e-07
1.6536616152734495e-05,8.476119255647063e-07
1.609285088488832e-05,8.478972595185041e-07
1.6250766755547376e-05,8.480576798319817e-07
1.5822379224118777e-05,8.47978750243783e-07
1.6299109942337963e-05,8.476421935483813e-07
1.604358914482873e-05,8.481612312607468e-07
1.6531494293303694e-05,8.482806151732803e-07
1.6271373664494604e-05,8.477937662974e-07
1.590823176957201e-05,8.480335818603635e-07
1.677683891466586e-05,8.48307681735605e-07
1.6507781470863846e-05,8.479715907014906e-07
1.6078613407444208e-05,8.475293288938701e-07
1.594848664535675e-05,8.475118083879352e-07
1.586035076616099e-05,8.477582596242428e-07
1.6782184728072025e-05,8.481871918775142e-07
1.6738629230530932e-05,8.478295640088618e-07
1.5422521290020087e-05,8.478512172587216e-07
1.5545381414995065e-05,8.476933580823243e-07
1.6165790824743454e-05,8.475937647745013e-07
1.6313102896674536e-05,8.477267692796885e-07
1.6279348732496146e-05,8.473143097944558e-07
1.592485974833835e-05,8.47777642775327e-07
1.6292076245008502e-05,8.477595984004438e-07
1.6626360848022158e-05,8.4785302169621e-07
1.594567253778223e-05,8.478809613734484e-07
1.6125493988511154e-05,8.477367809973657e-07
1.655375977861695e-05,8.478598319925367e-07
1.6593668551649898e-05,8.477668743580579e-07
1.701589576987317e-05,8.479455136694015e-07
1.6190086396818515e-05,8.475481299683451e-07
1.601355777529534e-05,8.479281677864492e-07
1.6442803622339853e-05,8.476039511151612e-07
1.5888393245404587e-05,8.479578536935151e-07
1.7037601974152495e-05,8.476260118186473e-07
1.6782919366960413e-05,8.483590791001916e-07
1.617356487258803e-05,8.475406211800874e-07
1.5787303731485736e-05,8.472151821479201e-07
1.6320337112119886e-05,8.478466188535094e-07
1.694308168225689e-05,8.477960363961756e-07
1.6475507844006642e-05,8.477367227897048e-07
1.633873501123162e-05,8.478995296172798e-07
1.5752976534713527e-05,8.47807270474732e-07
1.646887228707783e-05,8.475169306620955e-07
1.5905266358458904e-05,8.480868418700993e-07
1.5791857633303153e-05,8.481940603815019e-07
1.684240347822197e-05,8.488366729579866e-07
1.606694627116667e-05,8.471392211504281e-07
1.6819637894514018e-05,8.484091376885772e-07
1.6019535840314347e-05,8.48798721563071e-07
1.60558667848818e-05,8.486909209750592e-07
1.650510696345009e-05,8.478068630211055e-07
1.5888273606833537e-05,8.478696690872312e-07
1.6297163630952128e-05,8.478809613734484e-07
